{
  "V_LA": 75.60953203763704,
  "V_LV": 140.87115100000003,
  "V_RA": 75.10614460364727,
  "V_RV": 125.16916470360742,
  "p_LA": 23.221669413038278,
  "p_LV": 23.106673019492554,
  "p_RA": 7.66863076513064,
  "p_RV": 5.443734052059726,
  "p_AR_SYS": 99.4852044191942,
  "p_VEN_SYS": 37.02342293326058,
  "p_AR_PUL": 26.25170013422248,
  "p_VEN_PUL": 24.828991656015358,
  "Q_AR_SYS": 74.80159179163725,
  "Q_VEN_SYS": 91.7823852744552,
  "Q_AR_PUL": 47.001257211873614,
  "Q_VEN_PUL": 46.21258343525287
}